age,n,DSST_RT_mean,DSST_RT_std,OIS_STM_Acc_mean,OIS_STM_Acc_std,OIS_LTM_Acc_mean,OIS_LTM_Acc_std,ROCF_Remember_mean,ROCF_Remember_std,DSST_pHit_mean,DSST_pHit_std,TMT_Connect2_mean,TMT_Connect2_std,TMT_A_mean,TMT_A_std,TMT_B_mean,TMT_B_std,OMT_Acc_mean,OMT_Acc_std,ROCF_CopyScore_mean,ROCF_CopyScore_std,OIS_STM_LocErr_mean,OIS_STM_LocErr_std,OIS_LTM_LocErr_mean,OIS_LTM_LocErr_std,OMT_LocErr_Hard_mean,OMT_LocErr_Hard_std,ROCF_RecallScore_mean,ROCF_RecallScore_std,ALF_nWords_delayed_mean,ALF_nWords_delayed_std,OIS_STM_RightLoc_mean,OIS_STM_RightLoc_std,OIS_LTM_RightLoc_mean,OIS_LTM_RightLoc_std,OMT_TargetDetection_mean,OMT_TargetDetection_std,OMT_Misbinding_mean,OMT_Misbinding_std,OIS_STM_SemanticAcc_mean,OIS_STM_SemanticAcc_std,OIS_LTM_SemanticAcc_mean,OIS_LTM_SemanticAcc_std,TMT_BdA_mean,TMT_BdA_std,DSST_LearningRate_mean,DSST_LearningRate_std,DSST_BaseRate_mean,DSST_BaseRate_std,ROCF_CopyDuration_mean,ROCF_CopyDuration_std,ROCF_CopyMoveN_mean,ROCF_CopyMoveN_std,ROCF_RecallDuration_mean,ROCF_RecallDuration_std,ROCF_RecallMoveN_mean,ROCF_RecallMoveN_std,OMT_Acc_Easy_mean,OMT_Acc_Easy_std,OMT_Acc_Hard_mean,OMT_Acc_Hard_std,OMT_IdeRT_mean,OMT_IdeRT_std,OMT_LocErr_Easy_mean,OMT_LocErr_Easy_std,OMT_LocRT_mean,OMT_LocRT_std,CORSI_LocErr_mean,CORSI_LocErr_std,CORSI_CoV_mean,CORSI_CoV_std,ALF_nWords_immediate_mean,ALF_nWords_immediate_std,ALF_RecAcc_delayed_mean,ALF_RecAcc_delayed_std
18,19,2.34289950508864,0.631563472875412,98.1868767227117,2.4805715570833,75.1454967709254,17.8047670612004,92.4121324086105,7.13274111602024,98.9860546108769,1.55400910714013,2.68003156511834,0.836744566512815,17.8817398331139,3.44393763097486,24.1043939429873,5.49979534057315,89.2242288683717,8.85344929108292,99.0534616308333,1.52638585215639,0.217861534143673,0.0429618256707583,0.217307822454016,0.0519961238408085,0.166317929297017,0.0472708529925131,91.1573061044408,7.22539269862932,7.69361574711345,3.9276306570062,96.3981567506013,3.33624814210867,83.9880359657269,12.1617079172425,66.9576350422448,13.0732971748789,29.8234378859009,6.88425633793282,100,0,85.078214432117,13.7413578655723,132.077905347855,21.0297953101331,0.00120269751334676,0.00238221236880284,0.339937520191687,0.0869560694009435,110.126505655733,42.6465632449507,20.0048621965395,5.06952440340897,94.5173066228647,36.5422222491229,18.1218970038738,5.38222036543238,95.9698923975081,5.18226468664687,83.2440979334351,13.6678370059272,1.80417717685334,0.480717178226192,0.0841013316065402,0.0418046488714156,1.92632251307601,0.644078500318879,3.82742882330365,1.60219684334155,0.726998103190602,0.215678619797284,7.11688178753586,2.36765501859177,94.406501849184,9.0341250649288
19,30,2.12521558772668,0.429940863204714,98.2581730519634,2.43257375102694,79.8202763023215,14.6825943909842,93.0906807735756,6.83335339127636,99.0261205440489,1.41476163680237,2.73823220261219,0.820588831547873,18.3164622084538,3.96748592197523,25.1953442540319,6.08780727263478,91.7243575410575,6.59679341419128,99.1505887384242,1.41960014016183,0.215704076152099,0.041992099309233,0.218297596095042,0.0519928204150395,0.146962826953553,0.0492971814817292,92.3517114148339,6.661778818853,8.50572105824977,2.82085898961303,95.9360054678563,3.51154159893771,85.1844318648932,12.2671693654813,73.3423045204145,13.2560119931884,25.5728258939272,10.9489097866469,100,1.44990381623582e-14,88.0930957279555,12.0031252507594,135.346587624922,23.3229403329308,0.00209794114349203,0.00199826489572339,0.330172744624388,0.0913770340728472,102.73108435245,34.1161039888364,19.583135785996,4.77132149940666,86.5201383610155,31.7244908447475,17.2110741911933,4.13709863634147,95.9779499393685,5.06728206940751,89.3105097936897,8.1886142812278,1.79992773544833,0.496500294314094,0.0816984234163216,0.0390118832969223,2.0420732138655,0.786136742292804,4.37899151158372,0.82963974160063,0.686852143797642,0.190558889092104,7.24271360242229,2.34279465824691,94.3402760668309,8.76196052160717
20,34,2.26545979918166,0.597760329212568,98.2424564647516,2.42916372805324,80.4563462397815,14.7256699084451,93.0985697562381,6.79603342872594,98.3836556455093,2.59399360278774,2.76375495936269,0.812624305870433,18.8803959045483,4.83515238235151,25.7248234875614,6.38350480007664,91.753895613875,6.34215536968171,99.1433715582584,1.40107349816237,0.215427545336525,0.0408894859585517,0.217354292380468,0.0522067776094405,0.151765416233964,0.0565680070066446,92.3801362081229,6.58942863687776,7.54182954337687,3.74211455565411,95.7471898143258,3.63046814304857,85.6344430905501,12.312024863491,72.1972807689985,14.8831995419598,25.2666138646749,11.5141840278206,100,0,88.0675170493609,12.732386249548,134.118262525556,23.1628490273175,0.00229790186659983,0.00198218569686298,0.327768486699103,0.0950703422788955,103.418773052899,35.0144611885963,19.41758671753,4.73073532862942,88.4795826707329,33.9630543601954,17.2591798952156,4.1082115488285,96.0114255598698,4.98170969184203,87.4806082995536,10.1286779937274,1.78529243151234,0.496485723804892,0.0814864513538414,0.0381528602319494,2.05722898296782,0.795890734881043,4.03621462070654,1.33927599079984,0.667616289891435,0.179049935700239,7.31591372845558,2.33946437096496,94.2676931811837,8.86868691260547
21,44,2.23477433577869,0.564873749213241,98.3851614247866,2.37061041060398,81.521186153489,14.8310442674673,93.3795228321254,6.65490130219697,98.7110456994087,1.91327389299001,2.80649918549412,0.825370965018528,19.3384954580451,5.05422933439722,26.4360769287912,6.38896505642841,91.7499780632723,6.05921001465155,99.241557440033,1.32824574919939,0.214747521011455,0.0396601771013164,0.216461909818934,0.0518371950703428,0.151930191746859,0.0585281439735857,92.2932906269512,6.90698976687284,8.41751152723791,2.74677542800435,95.5791511507693,3.67633874989635,86.1474525857733,12.1930752680493,72.797769017964,14.8259559848897,26.7478530565608,10.1111590974162,100,0,87.9151291170926,13.4183834569432,134.788629928573,24.5901905930528,0.00242731011167959,0.00192893599303669,0.323841573066403,0.0959427333778062,106.18476583624,38.8899092613813,19.244088348981,4.64394955405674,87.0464269724375,33.8561969895238,17.1998021295885,4.01430100420013,97.2373644542841,3.7017983716259,87.5592980087121,9.57216185242035,1.76665298611174,0.492419661075114,0.0801373977205457,0.0390645031969675,2.02311275663717,0.731728633198567,4.22326894020632,1.39264660232765,0.688603326272152,0.209856985776786,7.37869493538968,2.28758769345239,94.4382560171328,8.75552215984434
22,53,2.19589604868514,0.538428487868692,98.5001586835512,2.31749053464354,81.2265204176131,15.9853538691043,93.6158082347185,6.58784525139999,98.8609086484071,1.32022724066736,2.94435396092022,1.01912914807485,19.7071185531462,5.27596775894413,26.9183135442054,6.51031484685284,91.8963402389579,5.7897298504126,99.2860983511117,1.27977595656667,0.213868322684506,0.0391896564698717,0.214490145223377,0.0509348270901731,0.154321979850847,0.0621938735839953,92.5698023375561,6.85834816847985,8.16913821031705,2.73312567300702,95.1931171759356,4.04253316493384,84.7976644512347,14.0780818932936,73.3007012253665,14.5166776870502,26.713001197215,10.2470777849997,100,0,86.9064345811273,14.6745628905554,133.72245822312,23.2683107471214,0.00249390062885551,0.00193778766281359,0.323320121234337,0.0957795415161976,102.866154281621,35.4175036385896,19.0358297122747,4.58955236333734,84.6754903971762,32.9750999570736,17.0695735295631,3.90566079472222,96.5791643110428,4.62948850641071,87.5382057320179,9.29984149800102,1.72206742098312,0.489697434911816,0.0833239472313649,0.0470813723885533,2.10371383746204,0.801186033877981,4.30964542837822,1.41497676024954,0.696878367547724,0.235451459793434,7.27245154951709,2.29607897384423,94.4081301524242,8.44309674000583
23,60,2.09878297636347,0.438427449797732,98.6466083005496,2.24624464258211,81.234692227887,16.3154408743434,93.4847031703288,6.86335052640244,98.7083360596667,1.35888757990111,3.01396805946766,1.13197267881933,19.907371522064,5.53696020505708,27.3956484978937,6.71431405892132,91.8629425671162,5.56924773421077,99.3527600106048,1.21094296483273,0.213500923246734,0.0392092944465176,0.212970679535221,0.0502380691210482,0.157815196293174,0.0641540342016898,92.4780025499049,7.19066983362852,8.06839016755742,2.64598907308934,95.1885274884721,4.05266783474145,84.7079604716644,14.1837115715027,73.164824260276,14.2817643244056,27.0433878893096,10.4329704659494,100,2.86908929372644e-14,87.0951931411705,14.4908395601977,135.935597722809,25.6844360727183,0.00242569149359133,0.00198219559087907,0.326135875492723,0.0960824140375896,102.176004680795,35.4339786912405,18.642012286763,4.13967127201841,83.3308908693531,32.3407094029697,17.1072559313735,3.80540812871663,97.2645325789476,3.90470626300958,87.415112742115,8.91460442573308,1.68864328789073,0.473889592470821,0.0776401266175256,0.0389538486221818,2.12979194613961,0.787783821178764,4.4239344721219,1.52440200724045,0.703842511899221,0.245132460840436,7.24843747328298,2.25587559955849,96.0215643597867,5.28360434819867
24,66,2.09521362435519,0.437226886534814,98.3687650825937,2.84713932416864,82.0356167853811,15.1356722337905,93.2176006925457,7.19686540169114,98.5942860150442,1.3660184424966,3.05678737420225,1.21441941559239,20.1190450735802,5.6562568246288,27.8946245526593,6.94099849979429,91.9899360580686,5.04100595418004,99.398768963503,1.15233776856536,0.213612367096123,0.0395435093078608,0.211904236252659,0.0495464759701244,0.161261940491199,0.0655427446533281,92.3552605099836,7.41727264453482,7.94387750750243,2.56870665596054,95.2139481681597,4.08852922299685,86.470717475317,11.9500058965232,72.7982066243528,13.8369046925478,27.4446103986816,10.3783496816987,100,2.86708354841009e-14,87.7070424373701,13.6516762192526,137.446514994285,26.823452375051,0.00233961159394515,0.00201271837330158,0.334074183726403,0.101122117253502,102.53830927094,35.9000132296901,18.6045581366181,4.13689732658839,82.9931406925947,32.9015436828329,17.0412036834287,3.65929526581462,97.481240909393,3.70384977163102,87.0770748523259,8.57033649147495,1.65962036412633,0.456994428934408,0.0763684778977748,0.0384910185790451,2.13859713480325,0.757751525164258,4.56647761367516,1.60525333436586,0.70435079111883,0.251869258583353,7.16916015209991,2.18771494765469,95.97204588494,5.24614778496802
25,74,2.08699261036395,0.432062734389218,98.3623540307135,2.93829653633748,81.3510324604496,15.307788592548,93.0903089852177,7.47900032799658,98.4245886946272,1.41296757228503,3.08155861998009,1.2868471163621,20.4847439591271,6.33642817673275,28.6608083901491,7.95035356321037,91.8843680505471,4.96496352579439,99.4523713218111,1.08654612683582,0.215216339653587,0.0400012352566993,0.213122644464591,0.0489703205385556,0.164000778960322,0.0644151876959065,92.3543468233325,7.64922407663113,7.9449253922582,2.50886207836087,95.3271163397991,4.10549806948289,86.3667875238295,11.9740435100498,72.394716260605,13.2269622917154,27.7928246027989,10.1293110942929,100,2.86595177154562e-14,87.4944185537555,13.3835187520315,137.829329093737,25.1440994303093,0.00235918436986998,0.00215542065585806,0.33748113709858,0.103672715144953,102.842693442861,36.1080134594258,18.4424509050151,4.10290276793799,82.2700356691134,32.6441311326856,17.069191117875,3.55430280977724,97.8053526200796,3.33231189321955,86.9926522329787,8.04994738482396,1.62972068727611,0.438371097012223,0.0766340019688374,0.039205188522584,2.08695179646655,0.666512461151933,5.3699427622364,2.98798722445304,0.713411057027292,0.26327201597194,7.06397906457323,2.12887773943068,95.9938802164076,5.1517710347427
26,84,2.13676729039005,0.560102682577526,98.3170859165345,3.05896994358251,81.1927212693989,15.3056349914651,93.9327446036906,7.21713604153889,98.3034971496625,1.52458046772693,3.11739742429066,1.39251606069177,20.2712268500902,6.32702082668469,28.4178255325085,8.0387695408327,91.7191735796855,5.01001342241582,99.5595690156308,0.958798764111262,0.215089518226042,0.0400881616043101,0.212124551501028,0.0453385809894184,0.162202279416879,0.0590715762979661,93.4644380228112,7.2887289839432,8.05447027397224,2.41828246875532,96.0308555716178,3.60886764032644,87.6161390237092,10.5613859007601,71.9749971471128,11.9171620277576,27.7367792813519,9.91341877245354,100,1.43195505089718e-14,87.966298157707,12.8370691585209,139.28092957626,25.3710993828438,0.00211654758230861,0.00198659073311085,0.340144899650321,0.105241226117558,100.039001292264,32.7261281105426,18.1207837988241,4.03678402058198,80.5701537585442,30.0873769950036,16.9833936575482,3.45526500214866,97.8923488925484,3.29451921072027,86.4525601306887,8.03464941473287,1.60678577507618,0.414129402437069,0.0778514281981893,0.0405565690736739,2.07783366325372,0.634928910059943,5.55718394772696,2.97819376421229,0.719233991550026,0.272342385524763,7.28979574573336,1.86103476369985,96.0941623772072,4.92771079809182
27,91,2.11506148796323,0.53093565135031,98.2541850922156,3.16022341663539,80.4735390450535,14.8937434005871,95.1403971635895,6.40677995349433,98.3149449275968,1.60100623122137,3.0789666463708,1.41249123840231,19.7005113829376,6.11715742921341,27.9568811046652,8.12469729376195,91.9695086759967,4.83977071126465,99.6313481307254,0.866489408063875,0.214844420430543,0.0405521029846507,0.210525087348426,0.045107577814379,0.162471713587547,0.0559560410555457,94.5428063450506,6.71680877733886,8.33167985873654,2.35179899469995,96.2852534918491,3.43362525441569,88.017854013062,9.86761345881819,72.6578130482246,10.5836464392538,27.3507780818669,9.55319229116627,99.9999999999999,5.72355959066842e-14,88.2028759773977,11.9250086832337,143.277968608973,28.0808275455286,0.00201831740111181,0.00190892603348488,0.344186677355084,0.106395742814653,100.095197226076,32.724337981193,17.8563332292886,4.03489393164125,80.039117298601,30.0502266609539,16.8338322686547,3.38485726371824,97.7967373216838,3.37234317432174,86.4741791086638,8.05503303169145,1.60579061891751,0.405338687507008,0.0782489256316891,0.0409393744684042,2.04486107058736,0.615097685633,5.31489505465388,2.62935590490988,0.751506052226655,0.30423004873926,7.33800210894395,1.84253517975116,96.8572352636329,3.97844939495702
28,88,2.09920117450618,0.507089782406299,98.1527301018,3.20995304149403,79.9692052433426,14.5272437111988,94.8217319931352,7.19552556999888,98.3403612103597,1.70089688506267,3.0207429407066,1.40734622578085,19.2124122844723,5.81675046878566,27.3647996559093,7.90049553548767,92.106290926663,4.78495171991491,99.7473876792374,0.674307036846085,0.210762786335228,0.034474061262707,0.212290502755887,0.043571547663462,0.162410545894643,0.0539232299614059,94.6822294580488,7.10988854817959,8.51942264463334,2.27964372039971,96.5186135922627,3.28732455895244,88.2947483604455,9.48965482382335,72.4951225534326,9.90301974357356,27.1068313676182,9.10250097824769,99.9999999999999,7.15384015114781e-14,88.4253450192163,11.3052380650633,144.462900883103,28.481701406288,0.00200507013414257,0.00182718219937096,0.350792800574284,0.111976569326771,100.672247729639,32.5957206258599,17.578682466318,3.98378784862349,80.1019568394508,29.7382176778437,16.7386466923366,3.38350129097337,97.7869113572571,3.40656814697176,86.4222335001786,8.01306584334439,1.60690662510169,0.397045749923816,0.0791749506689401,0.04186990259595,1.97816580676037,0.554675392277895,5.23150198115708,2.4870020783746,0.748832803631857,0.291342391604443,7.38570244928335,1.85938250690745,97.2242757584211,3.50391668259457
29,88,2.08407580898092,0.472464115998528,98.1051364989948,3.22356061810931,80.7058197856569,13.2372710540623,95.3650889471107,6.99104021676407,98.5277383311788,1.5599003144985,2.95422942096979,1.36455217780335,18.7190360703215,5.3948416126238,26.826297202084,7.60433675578054,92.7046178775487,4.40513165840504,99.8029106858297,0.589165715488099,0.210355745235833,0.0339877504600699,0.213868760485595,0.041928606103775,0.158772095949963,0.0534039727961801,95.3126277351233,6.86708608962507,8.80592428560663,2.08128268585821,96.5864358248758,3.20306366173151,88.5374803660367,9.22726866031085,73.3453384585052,10.1604424335504,26.266116600616,8.99073444480622,99.9999999999999,5.72395010430251e-14,90.2009103244827,8.50292124708912,145.093137937636,28.5141625135858,0.00207627677062545,0.00173149130184617,0.350042397173755,0.111470237546859,100.026968570458,31.2861933976135,17.4072045296617,3.9614260225842,80.0766488176105,29.5931270681808,16.6600684337672,3.47212364529751,97.7749085435006,3.43468385002774,86.8564896313522,7.99515823633099,1.61302988545342,0.39981373791343,0.0790376822138089,0.0420938418348422,1.94777317666594,0.545350949790364,5.07774384071022,2.26938135754227,0.741259650752994,0.274070625301586,7.49338424460668,1.88388648736465,97.1898121238862,3.41187230063335
30,79,2.07818828737337,0.478886893142528,98.0643779640674,3.22996403187634,80.6925962130542,12.7161893301514,95.8167671734819,6.71421452559911,98.4937429219787,1.78870668169506,2.88780618020163,1.31603035631179,18.4059260457341,5.20599028870023,26.367682484915,7.44974293886667,92.8861212008024,4.44788054015267,99.8255484058031,0.554941405035767,0.211989239309076,0.0359950635886221,0.213849452633843,0.041711094408894,0.156324026429898,0.0531095027587973,95.7938925795509,6.55915054340113,8.86277925349782,2.01155532729299,96.5637383746808,3.21825378538889,88.6165364400239,9.10729766277153,73.5824076668172,9.9822209866558,25.396582500805,9.15603825854477,100,0,89.0322049789817,10.5572885626884,144.798651472651,28.8488865798507,0.0021780997594436,0.00168179896353721,0.350085088301189,0.111393437366473,98.4158567430673,29.0821666024488,17.1956259914861,3.8743332754084,80.1783901257922,29.9289861454564,16.5658805434523,3.52259103679662,97.7371122198286,3.48927821368407,87.7442046710383,7.41136757352924,1.61325440631037,0.400126627503744,0.0786965871131572,0.0415897126537922,1.92206229183746,0.535882592420113,5.24520967960496,2.67440791685568,0.733577565825076,0.257186527089075,7.59033830820654,1.90569107962131,97.2328896522605,3.3107492057138
31,78,2.10543110255569,0.632342070219725,98.0792205702152,3.19267119939963,81.112086077265,12.4019446598282,95.8348126855542,6.82530668832514,98.5864206515893,1.7834679839259,2.79531574114877,1.17557675367274,18.160864310409,4.86246528131229,26.2527024376144,7.14507077028078,93.0626408767283,4.46571633315303,99.8402964763158,0.519726050668944,0.212637357631214,0.0380679808171553,0.211305217783066,0.0441845949156076,0.151400884111305,0.0516320542621174,95.822509773504,6.71762304000205,8.94585112004462,1.9437211406764,96.4778551492139,3.2866414053023,88.6575296841107,8.9937761788041,74.4319618165835,10.743645677847,24.3799669717527,9.93129843784499,100,0,89.1125554579533,10.7363589581083,145.843564320698,29.9932708988273,0.0022968659296345,0.00162072241462939,0.346930282362499,0.114494936408068,98.1429248418162,28.5866892247621,17.1716766295566,3.84769042818813,84.9146618964931,35.6611411422625,16.464563972523,3.55119025504795,98.7630930134142,2.17244450946443,87.6041736538373,7.92100772558976,1.61518732147506,0.394781986272241,0.0760586637020633,0.0390209817367356,1.87255767205386,0.485506444518347,4.86658108949354,2.09897916495682,0.72505082305253,0.233963663400732,7.88614350606167,2.08106814355344,97.8982091593089,2.48540944947947
32,81,2.14645727320761,0.759540150165392,98.0694867488893,3.15147969348267,80.9557636243401,13.4850371771742,96.233732836178,6.29418566244626,98.1660759430306,2.56968847719702,2.78213798064412,1.16582484872268,18.2424048243132,4.76099271417598,26.60510551639,7.39463945711933,93.3945506783209,4.44764019045924,99.8448410215335,0.483173153544814,0.205050082316232,0.0365120945371576,0.206028237162618,0.0421574180818828,0.144025998155364,0.0489529764490227,95.6933541099645,6.88376204119396,8.85207576863512,1.96653329120017,95.8273824650655,4.20217109998802,88.6769708969192,9.28189604050786,75.2725966396588,11.3191068061627,23.7857945569545,10.2181327030249,100,2.86422250103269e-14,89.262574622468,10.9607198255006,146.854995251822,31.2954538617034,0.00246324500758646,0.00167346602394947,0.340720092180089,0.117130107331396,99.2640235249761,29.3816285695085,17.0664398008235,3.80080568710322,84.9803766636716,35.2664098046145,16.308698412982,3.54163167590553,98.793205222348,2.1546253521671,88.7951051895629,7.19369399314773,1.60450135150181,0.384983263296129,0.074663310218107,0.0382098659889794,1.91446679880564,0.535843258041757,4.82725744392378,2.25494613423542,0.716996987577586,0.223109458163215,7.87013137760587,2.1112349114645,97.9322519206456,2.3603880110798
33,80,2.20417033958208,0.901503069803902,97.9585320520453,3.1696183111839,81.4712123092737,13.6834241396697,95.4286100884445,7.0697178946298,98.2403356314009,2.43521002909946,2.79511278131464,1.14906626164642,18.4010433812385,4.76987026691417,27.167538599324,7.57786021707302,93.6515242043625,4.38927220565159,99.9305139180609,0.254431805476118,0.203054622151538,0.0377118118236946,0.202180386765562,0.0411745832362008,0.145533466866928,0.054440804410596,95.2484099716202,7.2314064209586,8.7545346163957,1.95632048309288,95.9116487702961,4.15409880362315,88.6023117240299,9.6966616093267,75.8444556953038,12.295576516846,23.5457526155253,10.8723729308594,99.9999999999999,5.72929927923861e-14,89.2943081266542,11.3148328433786,148.450820392293,32.1747892234262,0.00256892753499194,0.00176000077224324,0.340601265099177,0.115899060947038,98.2046657389393,27.4776239066067,17.2017499170688,3.92866309844519,85.6349489487409,34.579726079825,16.2747110003071,3.5798835527228,98.7553255780311,2.17348345132357,89.5073275500156,6.91057094682214,1.5922916177003,0.361671729718059,0.0749344476857575,0.0381302663208737,1.93949436102202,0.535647581255492,4.68754736195021,2.12798691056751,0.714353093214017,0.21701953209652,7.63464349369246,2.37801497683957,98.0841775254491,2.13539479843012
34,74,2.28540773088837,1.05039462153078,97.8890327446098,3.16970906598372,82.3248558848784,14.1577661990807,94.7724173640161,7.49611850885337,98.2586162089388,2.40037257226185,2.93248905744778,1.34411347791422,18.5950400828838,4.66693656249934,27.0661440203347,5.91076171273974,93.7909391247379,4.38577134494313,99.7006537700444,0.736551720373924,0.196595911027499,0.0352390177450965,0.193799441699407,0.035875281009591,0.143197810646746,0.0585273204793324,94.6667043729071,7.60999806590953,8.55588849675063,1.98006697532109,96.1075226284824,4.17048431124701,88.1919847797166,11.2117830625404,76.6542758883013,13.2812958934412,23.2499288636777,11.6516971574261,100,2.86816612756048e-14,89.5728321727009,11.6514018389123,151.046173103615,33.3102002612625,0.0027064057793894,0.00191912102461456,0.342190421661997,0.109455443051368,99.9962196385471,29.3456780635981,17.464981246851,4.2734178360553,85.8399850535855,33.8366638649304,16.1289692316797,3.49163829046166,98.7223072348447,2.19090182029059,90.0753418745387,6.67885561421381,1.58256818933012,0.321916387068389,0.0740684234612783,0.037402404969682,1.9665615704497,0.528642369984594,4.53271071181348,1.84360350899961,0.703006120895624,0.206870681824624,7.44245867727809,2.52659778120609,98.2103243266419,2.03952655915333
35,59,2.05576434330586,0.292155139762237,97.5947710364057,3.48835256674487,82.8406034793919,15.0248742016151,94.1382688936664,7.75805197482942,98.2935998172683,2.39404923463089,2.97323183986992,1.36705172643265,18.1869540298218,3.64488449357273,28.0568275113853,5.94296920597789,93.3981851674189,5.09562421224645,99.5853992340752,0.891035242501747,0.188718450759393,0.0370811465615838,0.189287452342345,0.0360984131664184,0.139496797902818,0.0588645924210125,94.0531991667775,7.8427217870621,8.53150400942881,2.08914519502218,96.2452478347062,4.40150724386177,88.5090935147954,12.2345552349664,77.4418145611644,13.9386684093552,21.8082986281946,13.0098285469329,99.8591185044168,0.837120705491918,89.6560462913945,12.3251545825451,155.442663383817,34.9142114006579,0.00273502130001037,0.00222025314181567,0.339944127741704,0.112942425496365,102.001354380404,30.1632233836524,17.5194171357256,4.4834865500091,89.6078914518921,36.5376067413032,16.448305651789,4.00487058414875,97.8447885439851,3.2218668666163,89.8625400155225,7.58920107972664,1.60224705347227,0.304824009779017,0.073919314931264,0.0375128553647135,2.05584588891187,0.578766630675858,4.37338628960413,1.79276885074532,0.700696948309795,0.212258298951508,7.40673680581087,2.90333157913883,98.5674918233728,1.67999049136319
36,55,2.07442188289023,0.259186610319815,97.5776623545744,3.49104080519169,83.5820426444299,15.6977593013054,94.1196467298364,7.62284878811601,98.209125629575,2.48322836180941,3.22757547976307,1.66546838867253,18.6587789311085,3.62109844828531,28.0075494801408,5.37945441029918,93.232351974372,5.1582468864102,99.5187428754844,0.980514556757418,0.184990270445292,0.0349956503063862,0.186670303761757,0.0335775497776839,0.149922527672624,0.0711534623726927,93.8982284180776,7.87763202903798,8.57108213470343,2.21636771051676,96.5762747356254,4.56242677837711,89.5285156536296,12.3688675983052,76.0678361610869,15.7791355277342,21.7651788687989,13.633031186831,99.8429542437739,0.883164491212887,90.1319258806126,12.6217210059412,151.087456018812,32.4572428162728,0.00275459556152389,0.00240725935232757,0.329493322926643,0.113234099289151,101.09399571912,29.225829778547,17.182756379509,4.40427319977936,89.9219643317784,35.9480357323869,16.7225301794894,4.33534485228718,97.7870578368159,3.24159285892694,89.916877084937,7.50387727860912,1.61683504019422,0.277146437162654,0.0732039595843246,0.0369679873976247,2.07853348035367,0.56107793837802,4.43024851135057,1.81624586969734,0.657796436152435,0.165141760550502,7.34498154744837,3.18986051291225,98.8607171981315,1.49818085213536
37,55,2.09095033282152,0.293570067602535,97.8388409630818,3.14371656483236,83.695479416309,15.8924988240364,94.0017931869532,7.80632866981534,98.2892825045453,2.51931912669974,3.20123631400266,1.64367643779653,18.6967373788413,3.42537296932309,28.2042966905289,5.46912955650338,93.0839813390469,4.99854390782223,99.4911731122256,1.01328690654134,0.181764189024051,0.0328163477420698,0.184220615920204,0.0391215381681445,0.151061390610967,0.0706552815897689,93.3473654536921,8.87811858357154,8.94067047816967,2.3463167246913,96.4454547312952,5.32447014354283,89.596065545077,12.7672527214913,77.1175185201645,13.5318432722913,22.2447827129674,13.2410087610531,99.8551994540107,0.8486868325889,90.5114548243012,12.4629555475431,149.787863331437,28.9405397110588,0.00250874413146723,0.00255170908191728,0.333480631079802,0.112225966114846,100.487954713244,28.0185335073296,17.0280376988046,4.38283197914414,88.5726440446185,35.5561334437702,16.9386264719184,4.60251440423394,97.5321502704548,3.38149341635858,89.1613713240543,8.26137297631669,1.69722366568283,0.33296922603427,0.0705348826458212,0.0367372772821322,2.08790755163442,0.562738699804169,4.47672014879848,1.9041847362415,0.72815103991699,0.240267167427337,7.8248534308702,3.25025025886598,97.7480624841181,3.75549814433373
38,57,2.09770736152352,0.332582962744584,97.8524924771351,3.1842271615547,83.4325729419544,15.6119982319385,94.1110817350357,7.77581037158561,98.3896703221911,2.49885509205056,3.08212227385779,1.53317371747615,19.0642868853947,3.66968980307537,28.2493175343985,5.65132229496264,93.0211915693359,4.64299288485015,99.4872094819188,1.02865990779185,0.179739698525821,0.030712576304163,0.181558613557654,0.0360027893397176,0.152057066720393,0.0682450448288285,94.1300567698467,7.59858674511853,9.25301089871718,2.35401129007581,96.2998979609146,5.74331113144481,89.6699567378973,12.7214133547469,76.1021719188464,12.7963359750578,23.1615081135201,12.6808657859806,99.8889787603059,0.74493201509996,90.7179579848954,11.9956494205087,148.84615609096,29.0774415018409,0.00237134538497377,0.00260162847752746,0.337475822573285,0.107679627132286,99.7236656638667,26.6825506348416,16.8553641637687,4.31927253462544,84.9016100154195,31.1424043039902,16.6184699270277,4.07292740440134,97.4791577300642,3.36044396838062,88.679765288561,8.19841740904821,1.7222533563508,0.332044895193374,0.0651839262084647,0.0320495340158034,2.04366676214392,0.52908023960553,4.55277838268182,2.02040772996344,0.741230323671456,0.254447822053734,8.1918881197049,3.0806563028508,98.4287766810535,3.26176604145406
39,68,2.11806620672403,0.403726046583135,97.9651924718654,3.13354037258452,83.3940646437577,14.8415873253784,94.0045113064701,7.82008674929819,98.5331318403577,2.40897387159295,2.82549496860279,1.10304001738041,18.9966149021523,3.38457151627864,28.215427450684,5.74672992776323,92.7219134024334,4.44572400141394,99.5254603824029,0.988964041251759,0.180206110143899,0.0310184257151037,0.182761702844446,0.0324903307736905,0.148562818409427,0.0621008796007562,93.9728199182301,7.64292279047161,9.51029893063389,2.25393845572368,96.0940826041689,6.18266510425685,89.1247982569706,12.8383897032053,75.2473472968955,12.1702906258133,24.2467933231753,11.6226211306744,99.9303338404272,0.592006589724465,91.046056922734,11.1425159605387,147.637491806254,27.8273959172031,0.00239915821062698,0.00262429340638642,0.339124297367476,0.106458578730693,100.14322075914,26.8227766452586,16.8107483272413,4.28994395620803,85.4184951160772,30.7302155711655,16.7974616813515,4.28377457574133,97.4900484044937,3.30031728982493,87.7806369504905,8.31848812824157,1.7386952103945,0.343975776600835,0.0629178957538622,0.0305827191763969,2.01890437422244,0.493024687822352,4.56005975317569,2.07162529802247,0.744661173721723,0.260944350172753,8.40167897794636,2.73186840433092,98.9618078855296,2.43325739184704
40,63,2.11792751737384,0.424117086513416,98.0308535938386,3.12225284612979,83.3302174664662,14.0741775519544,94.0282391054252,7.76575533067261,98.4128448683853,2.71505946585499,2.67973658685248,0.79491061715341,19.1866793561996,3.35590498753989,28.3116904379767,5.99487281824011,92.6367786009567,4.09072721405545,99.556277393604,0.94971232963027,0.180601296365734,0.03119923513396,0.182991076746746,0.032320249424901,0.150397676476349,0.0604867990943495,93.9238645501976,7.62346693770895,10.3298298579223,1.09984878447263,95.9036162191135,6.50973574628604,88.5933124852612,12.9846286462253,74.5389832126153,11.4654377834036,23.9430774109769,10.2129812812071,99.9604145662829,0.447953307091145,91.1149762393522,10.4363421335154,144.637057671888,24.7760450203984,0.00252686349159928,0.00240822341187687,0.337782991032649,0.1047387596675,99.0444204451584,25.1099524137577,16.7379117963507,4.21437467102413,82.6406131779714,26.2293226936155,16.8753794883377,4.3766041043308,97.6144291965841,3.23657367413421,88.0597052448791,6.89788781968984,1.74877439781296,0.349799678147311,0.0585686288355721,0.0258210093971172,1.99986284773106,0.458649714968322,4.6024405582238,2.12590843728563,0.751829954919445,0.269267623309465,8.4542644237687,2.31453562318329,99.4788673596509,0.963381675012258
41,62,2.09643796895725,0.418925671212899,98.1124138381916,3.03682924444118,83.4500501969309,13.2658761597184,93.9316653242974,7.84851201342222,98.974643090734,1.77868245187283,2.68636368192086,0.791453165201425,19.252142673307,3.3268635120923,28.0903758584738,5.88570671689232,92.3370102257373,4.14661112009365,99.6189515558115,0.854057431787842,0.180904250277055,0.0316965862846698,0.18356693379622,0.0339422080793601,0.151679468398048,0.0600388069642907,93.6005818453615,7.9999335642945,10.3272435706384,1.17091821575741,95.8165171470683,6.56190085947033,87.7388474474413,13.0485146201504,75.229605935465,9.1271264374758,24.6292642713357,9.45378415758036,100,1.43675641069827e-14,91.0165933956566,10.138696911312,142.734684825617,20.971786221242,0.00263447177561296,0.00226839389944222,0.336365939240252,0.106373161028191,101.158106457398,27.0462681856966,16.8496570994889,4.16509304675261,87.5638332233148,30.7095116932698,16.9900957367683,4.56813420248535,97.6322962235978,3.16451653544032,86.6562193894895,8.13292807907487,1.88224811451645,0.498781771525847,0.0582357542507443,0.0242480629880491,2.1197172748315,0.619838761102132,4.37798931665955,1.81377998164178,0.751275051704261,0.276818583375992,8.29435476425373,2.30515790875967,99.2947015928339,1.44028081329905
42,60,2.0857875499588,0.425918322655546,98.166199205662,2.95675262370007,83.8878218928444,12.6400614301994,94.6941050799426,6.73260801642994,98.9102135766454,1.86560457490308,2.60925463379583,0.670298074626327,19.284582396315,3.33069287675075,27.9861092750996,5.89173062835315,92.2746481507941,4.22331605129953,99.6669304682448,0.78168798262118,0.180504917991077,0.0322314980624567,0.186549663525099,0.0380110598072423,0.151877906154933,0.0589429980195658,93.4792556362314,8.1784518184074,10.3506129012024,1.20360670351735,95.8862388997508,6.47976047789129,87.5390160515509,12.9247789801025,75.3028894945258,8.85580468558655,24.9538825664193,8.74197388916097,99.9999999999999,5.74855083773428e-14,91.0653077856717,9.81431334069057,143.48231253947,20.5579433095986,0.00259175560026217,0.00235009113876401,0.331126697392886,0.109046645374104,101.563255722042,27.6684390069407,16.2133952318355,3.00178422258568,87.8805126214388,29.1113406073955,16.7922231143929,4.24255519651165,97.77247011138,3.03062361190123,86.4582931340073,8.14083591911176,1.88750068718868,0.502777018433566,0.0589605602233623,0.0242235965920181,2.1328405144558,0.651829019914154,4.37541643670951,1.8438976505879,0.744743792962257,0.278745663505675,8.17176474393674,2.28391847938126,99.1921363822879,1.65789492320888
43,57,2.11702072008893,0.457765217580284,98.1309329291539,2.91468922640555,84.1012616496273,11.9038762038786,94.7882109517,6.51151030104088,98.781881681295,1.98295703738516,2.65704793781391,0.68814344007635,19.5033602865612,3.48589649501687,28.6668297301084,6.45763101790503,92.1935560442725,4.22711267084056,99.8418975722012,0.387761757710063,0.181608591128273,0.0335696994132523,0.189697023108534,0.0411660667552626,0.152407433168318,0.0572300164840955,94.5223790636072,6.62029525565053,10.4289464331687,1.27163951304155,96.0268440424445,6.20956396658553,87.3933770112165,12.5995105828094,75.1992196534747,8.794594829281,24.9392471230026,8.48086077873045,100,1.43780304345614e-14,90.9564403654606,9.64559939811713,143.783884354869,20.2620679943605,0.00254109869204971,0.00236976025583498,0.326287931999006,0.112031921496946,102.54658241341,28.0097460104726,16.2945477570594,2.94535850085822,91.2920970582857,31.8035261413709,16.6158442707671,3.92817770132701,97.7618581428525,3.03029713782068,86.384764498804,8.06315746832295,1.88778045020911,0.494588563190264,0.0602858368296402,0.0240446585446448,2.15447965470666,0.680337192075631,4.37443285675237,1.85956089049204,0.796850075390971,0.346308992527227,8.06717143330375,2.25177190555944,99.0895972634139,1.884630591278
44,55,2.19472051075377,0.521970105942728,98.4845474665727,2.33578170864281,84.3399989446841,11.8686790553329,95.0463732004788,6.291120675958,98.6211795260999,2.09236555673931,2.78931859157231,0.785457342574138,19.6361299861285,3.67496159215745,29.1424605550537,6.86776190809223,92.1569774217419,4.23622572826623,99.7965178697778,0.554441229254963,0.182751674632137,0.0344134712757388,0.191254056756975,0.0418161948028835,0.151528529248824,0.0554744003952183,94.5654329856118,6.7014070519789,10.3881407971806,1.3965574548788,96.1953617262713,6.09661538547921,87.538063884544,12.1961215879206,75.0912924505888,8.57084173495357,24.904514635729,7.97739652497282,100,2.87757859668875e-14,90.9755375729789,9.59206098996687,144.372952941762,20.1055312073934,0.00293194501515756,0.00194666991106812,0.304389365236076,0.102889660532493,103.317029090465,28.8543936069587,16.3670367354207,2.88955763738545,92.9028746771479,33.4715441268896,16.5041417109235,3.8208188094083,98.3436348206434,2.3695772435098,86.5260350923102,7.72824475598011,1.89326985587538,0.475841938246582,0.0622590382432175,0.0243412024639481,2.18843414102389,0.717931440846633,4.39210170570655,1.8705986054384,0.809525739548986,0.354805277364345,7.91104361713864,2.16750558099613,98.7377778330551,2.21467450644396
45,51,2.26210112067922,0.578188415146825,98.3230134930034,2.40033126261418,83.8480426449483,12.4377197840782,95.23455419868,6.14175813467555,98.465892244248,2.16640430668206,2.85490144368448,0.794786866721651,19.8772531135079,3.87511885528728,29.4621420929117,7.1074673381353,92.4233031400675,4.24088599236197,99.8201341624527,0.498625373207964,0.187557096522201,0.0398804082014976,0.194737926177782,0.0446192578372352,0.155339504942765,0.0518803397517144,94.8701889119693,6.19919623871617,10.3805866982582,1.50480892936257,93.374934974576,10.4758406162697,86.8076489584919,13.0560007047771,74.9640924297186,8.36293757982475,24.1961957906971,7.16153039145712,100,1.00857415344269e-13,90.1499348350455,10.7205753849756,143.332087142467,20.8014940980268,0.00318945123016231,0.00216582443818251,0.317849949471092,0.119570567322334,105.041589662543,29.1899572561101,16.5294892239631,2.91283218211918,94.9881094111884,35.3426721819034,16.6191604722279,3.85255150365274,98.3881070840224,2.35544782959801,86.757246046308,7.93527362797537,1.89696176762637,0.454734909949238,0.0642963125251036,0.0250377305871496,2.21456815093255,0.754014105190303,4.32761850027792,1.89819868045901,0.82155656828168,0.365377013516718,7.93232825607255,2.12697869453888,98.4133658237232,2.32993672077378
46,95,2.31073406974204,0.516522969828812,98.0843226984654,2.61425332901566,77.9168951156445,16.6888055440453,94.0914621090442,7.45608941418867,98.1620378340426,2.27688562301546,3.18145462193956,1.22838502502524,21.1512565978432,4.99119241102898,30.1205978462059,7.45314861699673,92.2106392066705,4.3274660107829,99.0776521490212,2.29057413270409,0.179598863950382,0.0451344964837417,0.199113966138595,0.0458895747655226,0.157531261364774,0.0491980498780066,92.6923031444548,8.54866155531858,9.957854805623,1.88664489573702,86.2928683372276,14.6808934353385,71.738202089938,23.3559674944467,73.1047276922891,9.39086672916575,25.6311320855524,7.96936092252578,100,1.43249281825174e-14,85.3805410965029,14.3229384779084,141.880339531822,23.7330855374484,0.0030083635104867,0.00211421867435167,0.294481036035024,0.102587908324129,108.818013519326,35.7680509401121,18.748876810933,5.87527636825149,90.2102353300004,30.5036533815014,17.9167637230593,5.33378884462985,98.0178409536615,2.82631483130521,87.1637567856543,7.622530082005,1.93096581215274,0.467956757045505,0.0734231065985422,0.031070779736605,2.28463233677265,0.795369136213097,4.59754185011776,2.20517848753233,0.741424018683966,0.252278955643264,7.85622319644202,2.03023726870256,97.7496509143597,3.1314068469613
47,176,2.48209477970729,0.632790970697611,97.8831924343967,2.8188360449565,71.3729551728575,19.7780139823613,93.2125213073904,8.00957871571774,97.7461559297287,2.93724772912104,3.4450429138175,1.60613152485333,21.8162055451628,5.27352624648392,31.1457514161367,7.87006259279282,91.7639743648152,4.99212200036067,98.435727436935,2.84200183584146,0.175287874787924,0.0440811674412487,0.211179288832729,0.0535057328047465,0.162418859664926,0.0514516496593744,91.2566319231266,9.16270256664643,9.5517801443359,2.08373797374787,78.2375070224617,15.1241910482626,59.8227440989558,22.9578511095301,72.194925733684,10.2042203018197,27.1428965940793,8.54017241617123,99.9999999999999,8.56047128873531e-14,80.3415258714862,16.9023963751273,142.817091963876,27.7468873282321,0.00234073024831649,0.00191667373307387,0.280847673890189,0.105098358414162,119.227946281116,45.8148461741963,19.7198814379199,6.95074834905537,91.3798114988235,33.9979844256653,18.1579742096869,5.2974338992238,98.2213152269551,2.69974800658626,86.6633727015082,8.12140165321738,2.0168937424535,0.536026945535169,0.0752803706859531,0.0322021463791774,2.3897532597445,0.787420461839792,4.79315210514716,2.43750786324271,0.748130220330022,0.236057243188056,7.62879152120342,2.10453541013205,96.6844674914641,4.57179694295925
48,224,2.55205314485308,0.667191903057688,96.7560044542582,4.81647741161232,69.6284635006334,19.7648875578096,92.3597499700807,8.68140470817321,97.3705196721069,3.51951063889713,3.7921510926381,2.3246441647811,22.8325821030906,5.94454986384577,33.0045105534367,9.88938393744767,91.4120097520283,5.21077104150879,98.2559075460279,2.95686099939595,0.172812214876784,0.0437770942791688,0.21352726436784,0.0546636364844729,0.167306104329902,0.0556185907119993,90.7707488112572,9.19910892294665,9.40083427044218,2.1405055080586,74.6624896990935,13.8238802542059,52.3962215977436,20.4685349763742,71.5079474907885,10.7874955491191,28.3269354079227,8.82544525499708,99.6038927813863,1.56289865521339,79.1493355713246,16.7819033372013,145.74279067969,32.7765275759682,0.00205694811670779,0.00197535201726351,0.272337333154956,0.106476174570571,121.483698889267,46.65791684946,19.9253809557905,7.14852000077959,95.8500991643364,40.2340303721619,18.7214393723358,6.08442135707813,97.2546676149789,4.33026682804856,86.0887432514765,8.38689296753358,2.08513654831187,0.55968427884018,0.0780093130773071,0.0352561357838414,2.4366379736727,0.787206374507529,4.93573099166708,2.44045628532316,0.75146471271851,0.230218674247102,7.32482612132948,1.93355936523313,96.4193851499923,4.71102451401553
49,276,2.62659718004235,0.768598479784738,96.6739594928541,4.86493049134309,68.5354162539235,19.7748979020456,91.4273176453546,9.43065818641588,97.2692403059546,3.68584773826501,3.84425198813534,2.36361080720224,22.7826596188251,5.73158253594628,33.5685051295187,10.2677812241688,91.1843938978444,5.24546452603491,98.0412985377076,3.33242575385642,0.172153528501676,0.0430076468103392,0.216205677121185,0.0560470250168664,0.166268294341025,0.0559386334596765,90.3646368759599,9.18429925099732,9.35135894484592,2.17708846225091,73.520705499932,13.1474395466839,49.8978087635281,19.10666906899,72.2375674877009,11.5590011853626,28.5211386436609,8.82754357216809,99.6057233815445,1.56622835663381,78.3953676477986,16.7826233933707,147.830115100005,34.2812378104182,0.00195202844232875,0.00196063162336962,0.270807418177647,0.106169055565531,121.755081959106,46.8314524348509,20.1537348741653,7.83500580316479,97.278506641569,42.0734718622168,18.7122823907892,6.27594927530551,97.0960001487994,4.42395523781721,85.7288614888988,8.40189407739161,2.10226411360555,0.582937886073731,0.0766492826656405,0.0353073895658096,2.46390385647351,0.80302637545901,4.96302612108068,2.42712649942898,0.74417080988682,0.221371201108453,7.53669993622012,2.25462305731398,96.5346353169252,4.44306586800387
50,323,2.66426318963271,0.794133986374869,96.6221290078835,4.87769940465216,67.7487886133016,19.9166566269734,91.2587816854286,9.58388291993466,97.2480628575515,3.68825672435064,3.91686927889764,2.37197576713778,22.8188340358404,5.65000777204727,34.3550499685483,10.5514651649549,91.0216996073841,5.36483815389915,97.9901159123696,3.37340686842738,0.171815247309407,0.0427637984253472,0.218529773037105,0.0573706063208919,0.165853521946396,0.0558875714263015,90.1233863688001,9.30959985870752,9.20783202199258,2.2992768085104,73.1274513760448,12.7402197461179,49.061595620733,18.9441860955355,72.2130180764347,11.8106163175304,28.7326876466589,8.70686370256544,99.550775094211,1.82527290845542,77.7747871136754,16.8164935918908,151.495123413185,36.766279115392,0.00187428228748632,0.00197076332428814,0.270401628977213,0.104989899920732,121.822247519514,46.6060036905081,20.1811934839683,8.05265522468838,96.4516507263437,40.3128281848465,18.5411150977744,6.03347833113929,97.0492106005802,4.47224002837352,85.3611986284987,8.5869401311714,2.08498036339672,0.541517626422601,0.0759930151151163,0.0356127088529539,2.50811627834102,0.910336654754897,5.19241885279004,2.67473895391402,0.731075596959242,0.205223351017931,7.5109384640223,2.31211592172376,96.5078180996396,4.38383161605567
51,357,2.68691515665528,0.803892987877178,96.5829727886951,4.83469074810181,66.8006145865203,20.5973197315595,91.0784836233153,9.74781920372347,97.1747632959724,3.74638154892202,3.9045618505411,2.27011744956955,22.5679418511317,5.25002802028642,34.371674468146,9.88913958116104,90.9785198141075,5.39015670417586,98.0703487180876,3.20319883716991,0.170389430852603,0.0416180681799453,0.218629519528685,0.0571626665765027,0.168720979371363,0.0613300653176673,89.969312991699,9.38662891911265,9.2860098471157,2.31432770774097,73.1979087197866,12.6186588276297,48.7711446539626,19.0564401286283,71.0795255459156,13.2492712295105,28.6544979781322,8.72424608661129,99.5529720404063,1.7926731193463,76.7373281607756,17.6685516902685,152.301253000622,35.8027895177377,0.00184157830217781,0.00197964296204712,0.268275934581891,0.105502158435225,121.785051773058,46.3385583713011,20.083844513864,8.06379475158171,96.5441615695327,40.0839300476588,18.5740828279803,6.39725737006949,97.0005883652,4.41601552158655,85.1350870375018,8.75939106152335,2.12614669102597,0.584256857513862,0.080916277741937,0.0436648343784796,2.49958519076015,0.949945449613302,5.32511740676955,2.76193150205458,0.749217964669499,0.222942846650785,7.56156277548795,2.36577677573163,95.9429701774129,5.12041758257476
52,405,2.73310687876801,0.881415965412911,96.5123950666593,4.84310957246725,66.2492316548513,20.7054055007455,90.9495020216142,9.8757251526864,97.2061411113996,3.65739243735874,3.9699415924462,2.25423161523949,22.8881572549786,5.47072157638165,35.2163020729323,10.5290573715026,90.9872550917695,5.47693191764376,97.9045031178541,3.47845639120241,0.169646843541432,0.0408539878703032,0.218597233966581,0.0570128652021816,0.170487152420029,0.0656382345094543,89.5292531079771,9.83217766951619,9.36558534427425,2.32486208778809,73.3068927241076,12.6955458469262,48.4358961713754,19.1586367100901,70.5504549660658,14.0356153779091,28.5935083514636,8.73129539579851,99.5571970295765,1.7520939756954,76.4590567004422,17.5964688044435,153.874863056737,35.977283861176,0.00179856912966098,0.00198751081508885,0.266984669524315,0.105950137238375,120.859640530061,45.8908186234411,19.8247726195789,7.8466496241842,96.5527113389507,39.8408059961166,18.4977785659186,6.50749556661109,96.4134204483059,5.28585967035952,85.0478278449777,8.84604713452458,2.15558603593001,0.604395831200042,0.0813342358570365,0.0458988198856634,2.49473995657073,0.976367968518318,5.42110313661528,2.81960614527895,0.753465428189199,0.225105635767353,7.62924186369445,2.38290181538527,96.0796318514302,4.9149000109356
53,438,2.74892840354305,0.874070210566176,96.4608427055481,4.83232821699816,65.7224866238675,20.8506331186953,90.5625766919831,10.3288976940045,97.1288388990182,3.71473531876647,4.03642330744144,2.21571146074098,23.3037495180761,5.73685429635152,36.1063533457616,11.1189230953667,90.9734300375722,5.5212648635423,97.6228661254286,3.9002492546003,0.168900693324085,0.0401503211830274,0.218432729069711,0.0565954296668927,0.169216871953216,0.06451767671669,89.3173652682594,9.93579671796734,9.48924060772194,2.31082237122963,73.5856184772395,12.8331670701536,48.3202856095717,19.3451015548822,70.7177218908564,14.008280526455,28.5765200503497,8.7552242102068,99.5719533911811,1.68206155432497,76.0830833184875,17.6885015476601,153.492354013625,35.0671651362026,0.00175092597857053,0.00200774896706648,0.265719882954504,0.106369197595239,120.404985670947,45.9679927629215,19.7827823751357,7.97162220334797,96.3673995787724,39.3740820255686,18.4533305371163,6.65082713828276,96.7891181332837,4.64085150171207,84.9412676101725,8.88171619913014,2.17833334370062,0.627005340816492,0.0805506486672989,0.0456387220324667,2.4644700063015,1.02050222825222,5.56124064234749,2.94745989684902,0.758391957832917,0.22868597614718,7.72412258433526,2.38152465379321,96.2864783049376,4.68138510749302
54,476,2.74978300809873,0.836769754465212,96.4631373521215,4.7987888412336,65.2852121373884,21.0710353792148,90.3973789838057,10.4906632628144,97.1218482543983,3.67254445412728,4.07092970592359,2.10421066088629,23.6082555697607,5.75475241036272,37.1207023023695,11.6628297645398,90.9043011946382,5.66336958857253,97.5012475375091,3.97934643680478,0.167931583614591,0.0385652704138503,0.218710426902432,0.0563469817141068,0.168330864197666,0.0627504171101742,89.073822707465,10.0901650769386,9.61119414434795,2.28762918971708,73.929946260682,13.0318520412467,48.264998809123,19.5725545549899,70.2611381080272,14.5099493537414,28.6754694833213,8.76478353076422,99.588304144694,1.6035048225168,75.8837929537795,17.7334514662719,153.767312338214,34.3636614359833,0.00173023707159565,0.00199671237986007,0.266349795593906,0.104343859182594,119.790022840635,46.2034088666438,19.6628027575533,7.95406036220184,95.6925181897712,38.4333346416296,18.2590573391591,6.50205929675414,96.6487178528105,4.86080580200018,84.7423854925882,9.00339295238697,2.22013374738981,0.662997940405259,0.0803917252411371,0.0463314726947731,2.4486227227772,1.06333467980872,5.87853788472162,3.28570045169125,0.762437224672666,0.231732090078525,7.83081143247057,2.33472127187083,96.4036327365198,4.70306998204178
55,450,2.76772314903784,0.82705174474429,96.4702475744888,4.74316873816815,64.8541428275743,21.323273215981,90.0504879360873,10.8512979200209,97.1301189636014,3.60229184091019,4.19284106866606,2.14024733425127,24.0762841245617,5.79442705091856,37.93126752437,11.8726219113427,90.9124691103379,5.75427415834137,97.366063257225,4.00076810657446,0.167711511840751,0.0380648198628901,0.219034676980723,0.0560940517223366,0.166894745602618,0.0606334542470996,88.7917463821525,10.2209482430559,9.45661776875427,2.59876310911993,74.28461087691,13.3211749780984,48.2875759073961,19.9259827315033,70.2220648587557,14.6526067955714,28.6744758290282,8.73650098210191,99.5992246641967,1.54107089743431,75.7043206338119,17.7822325272032,152.809725396395,33.3676348014075,0.00168553336515993,0.00201271496688774,0.263766041538264,0.10355655092587,119.475639213341,46.5487740584981,19.5459041463642,7.96029113065981,96.9731927694694,40.0714072963518,18.2389132105046,6.76049972045483,96.9754348347549,4.51501749162891,84.7163201599788,8.76741231382832,2.26150995616947,0.697300735999122,0.0787536870933329,0.0457618794052357,2.43372266539984,1.10480138227815,5.98064200980349,3.3657447957925,0.763478229199738,0.232851492246178,7.95921445310794,2.2573808602212,96.8831978190169,4.18994987938811
56,405,2.79129446869714,0.856541256757038,96.3518405967265,5.07439204512789,64.5719771956464,21.4332083818825,89.4442841748129,11.4707455324492,97.13008434281,3.51226160172225,4.14283868295553,1.86961696219405,25.0841599514247,6.45215359181467,37.6138629939191,10.8652669565466,90.6214670532121,5.81384719172005,97.2041099725076,4.07883208407038,0.168103642413269,0.0378958812407862,0.218438934543022,0.0552090937866291,0.170290373699726,0.0638383399417384,88.2414373974837,10.5804332191975,9.58199887984754,2.5494460481308,74.6490511128198,13.5450444991007,48.5692002570518,20.2667412995569,69.6552571530736,14.8069356422539,28.9531699538684,8.56040949696127,99.6191881468048,1.42368657380032,75.0494934897533,18.3346736220163,151.762839054975,32.7983049714371,0.00166960055802596,0.00201924590871527,0.263127728678825,0.0991189484740055,118.695425972694,46.2346080342344,19.5229969764598,7.96201494140086,96.4968267150662,39.5401472214603,18.2292918291803,6.90319109244368,97.1761091062153,4.24944321381741,84.3042335137529,8.64457655489141,2.30576330414855,0.762577867279701,0.0798056516834503,0.0485417328428954,2.38884427064534,1.1226193814721,6.06926834946411,3.35764501515128,0.755840642682392,0.233492180683208,8.27175986041351,1.99955822949849,97.3869049960361,3.50311479367406
57,384,2.83847604733134,0.969935816707679,96.5871669639646,4.71628374255171,63.4455665655802,22.3261205429278,89.1396359527729,11.6375976409964,97.1894956307142,3.37178674189624,4.11509837139615,1.67514088311335,25.6804563779134,6.59706509481316,37.9030933017907,10.6849163449791,90.3176958002928,5.86085366589823,96.8520727409208,4.48017522195646,0.168987031994217,0.0371944812500651,0.218147635330035,0.0549307602541013,0.164818911145603,0.0536838641563781,87.417634681943,11.2062201182766,9.54889691253676,2.53777735525671,74.6688684477503,13.7596110363584,49.7926110214255,21.2264162767118,69.660479666693,14.7232192848745,28.9724455784052,8.38375006641581,99.6375665298804,1.37356452283994,74.9652427532486,18.42248099561,150.074060873019,31.4382522265724,0.00172141413023873,0.00192785096362084,0.262649995555021,0.0967574562449402,119.918259147842,47.4641100487962,19.6295519181531,7.99716457226925,96.4581515830856,39.6302514920416,18.120164270348,6.71701328806375,97.3293463475776,4.24297497616216,84.0056159472468,8.42908334486689,2.41093596444345,0.897364608165077,0.0781308396697075,0.0470170767397976,2.40938060252448,1.12970273392733,6.05491853225824,3.31514629644861,0.718922143450494,0.197473169138438,8.22185319223315,2.1402042440701,97.6077510395337,3.31417938873864
58,375,2.8171417221898,0.840296620173218,96.5865156029141,4.72726471526699,63.7604916572753,22.1065124021186,89.2423801262246,11.3166571920543,97.1154434404723,3.44786360689177,4.10859353614029,1.64793897612166,26.1701795245724,6.60143345614804,38.0122146459949,10.3799279871617,89.9822216819664,5.85359571395947,96.632434475366,4.69426342986703,0.171109253278204,0.0376444851483182,0.217328453230757,0.0541039825330739,0.164963393374258,0.0535508817762328,86.9022882814094,11.3821099946022,9.43660060906651,2.4940190223116,74.899881175995,13.9977346798943,50.3830571191688,21.8768487775096,69.4251544285782,14.2460516991965,29.1361156997239,8.19692711483787,99.6506305379727,1.3393564047075,75.2392810161419,18.331569459627,146.689545358062,29.2053586432778,0.00167099868284054,0.00190830584650388,0.259999742154733,0.0926765110003004,119.686501953581,45.6534714955995,18.8727308714431,6.26175617441771,97.309967300394,40.1981835217352,17.9292630782551,6.14635805595245,97.6518128316592,4.03395040055093,83.440363892236,8.26994193229292,2.37112700344888,0.859251649056492,0.0771296820618843,0.0469874472019502,2.43057864967488,1.10155882039065,6.05142409570203,3.18124748975032,0.719123456709469,0.21542540698713,8.42561573638744,1.87762397461952,97.6773303782508,3.23065470917986
59,359,2.83271939667686,0.83861291525813,96.5310932836074,4.73814406493914,64.8734431136597,20.7137359656322,88.8687597379919,11.454211756054,97.0766508985645,3.5137844930427,3.89251595092527,1.34884246352706,26.3196937022524,6.47962330289509,37.7736972034165,9.97284528578133,89.9213220812036,5.72076117523099,96.4358158196431,4.9981104551382,0.173940793188284,0.0368303733925201,0.215017018153285,0.0500137021710041,0.165440710020217,0.055723968220768,86.2216007427358,11.7056557858643,9.56696237635609,2.17897643315469,75.1728468543198,14.278072772623,52.7227206138378,23.1967340629216,69.9284273367603,13.7999706719425,28.8690757178433,8.4202547135226,99.6787770201837,1.27312915634738,75.4430174439032,18.1830171753338,144.788169294556,28.4062948165247,0.00160440026696347,0.0018567549687772,0.259026432031175,0.0921205706512625,117.321057855403,41.8853976364199,19.0287832904458,6.28096919872682,97.5690957132367,40.2827258772045,17.9393217344124,6.01649750949308,97.744259762899,3.8986785784451,83.4193176611272,8.24214010637887,2.32590493314901,0.813825464040372,0.075409826007819,0.0446483595199543,2.47822643132796,1.04656676701206,6.1216425381194,3.0209991368306,0.706153253288195,0.212909425025197,8.43510950804387,1.94751022357237,97.5377638781918,3.47098077097648
60,350,2.8486527239491,0.817077886562103,96.4673872251042,4.74355113376179,64.9544285983349,20.2883014196277,88.7642141019216,11.4084821149414,97.0728512989869,3.55438252156404,3.96569385963168,1.5251319476786,26.2806008272326,6.35156288113489,37.2158924016572,9.7234062953659,90.3347333720676,5.42573591456956,96.3284957765847,5.15476647341997,0.175983586375454,0.0370747158953928,0.214669771501659,0.0496464029449768,0.163663848337462,0.0545711845713716,85.9452667534122,11.6891558136799,9.34806486108938,2.21590416263153,75.7152201626327,14.6123451914093,53.0483518201905,24.0430709424377,71.053565614502,12.4870488107853,28.7735937765603,8.56800785462784,99.7152403350053,1.1886280494696,75.6636380551688,17.9771155656006,142.660519086148,28.4491413599333,0.00154462322496377,0.00180352818939742,0.25922599193885,0.0927570430113446,119.030418165652,43.2509252649952,19.2245917004693,6.48974163864869,97.9796262970883,40.4843291843073,17.3244340828177,4.79739915005837,97.8580262160323,3.78421315340221,83.9929496212751,8.17693821205884,2.27267771068415,0.753324013292324,0.0696665217879883,0.0350360492144692,2.51502048871924,0.983621925251384,6.10309174023581,2.78450920481502,0.685134716839195,0.202397390999658,8.41531385907976,1.98587507949865,97.1196771568991,3.87547451540022
61,323,2.87433492068091,0.832351276663141,96.702006108929,4.12076361929838,64.9276306137948,19.8520216422587,88.6451281030601,11.4271107053134,97.1168337981041,3.55490918012697,3.86413394301466,1.49987740521731,26.0210651931083,6.20901282216911,36.2358626020088,9.01770497233796,90.5402261355206,5.47745380761399,96.2434119687403,5.22020962511089,0.177464823015278,0.0375180941158843,0.214496644786827,0.0492923712536611,0.162925609962052,0.0542641387832749,85.9204165118338,11.503340647381,9.20257364588554,2.22553073516244,76.4138739226726,14.7947384980012,53.8999293453357,24.5607984127426,70.9370943179079,12.086313645219,28.6153087079184,8.90256299937087,99.7465925747618,1.0987918302824,75.649277319696,17.8584138096875,140.900244691587,28.6958121683017,0.0015191733787456,0.00177825825399905,0.256983892794358,0.0949957455685483,118.307347107514,41.7318550369687,19.3901429134728,6.71536445211431,97.9333932922403,40.2688596404555,17.5601547401106,5.14939172341851,97.7384818949968,3.75361284511446,84.6580581074376,8.37126056299381,2.23491531782499,0.698124529026589,0.0663183755254665,0.0279953471125939,2.50847420622562,0.647590687575462,6.2450331393974,2.70533974562712,0.688899951257629,0.21442800180289,8.34635836399644,2.01847071845618,96.6961961865048,4.27033365720093
62,312,2.89407928737518,0.867986510907802,96.5363225952043,4.22049195824888,64.5497051062025,19.5785826468126,89.2136644948634,10.4316596902412,97.3358569628197,3.3578381041466,3.79245125350394,1.48739824573493,25.7632658062957,6.10867702925515,35.5073005992115,8.73206523684917,90.8608809457279,5.55710001303271,96.2275131059936,5.25624525746298,0.177953447939239,0.0375547145147635,0.213320349523369,0.0497670683687445,0.163210630489266,0.0555876607128599,85.9908272151507,11.4278310796247,9.27322232313166,2.07904594119703,77.0238092437267,15.0465785984089,54.601998577919,25.1665603947973,71.2341427487488,11.6482392723231,28.6385997045584,9.16817763116938,99.7618083033717,1.06711061667051,75.7325087470515,17.495173406356,139.478798395429,29.6255831357897,0.00150838257054925,0.00177527729674745,0.256016956299673,0.0968728773999857,116.25199363613,40.2221297081014,19.2484156062101,6.57552536239413,97.5716395317934,39.7115478022898,17.3880940500683,4.85366562801532,97.6833935600564,3.67128517818834,85.396996956921,8.49077423352314,2.23211775618233,0.653579058025392,0.0658128446981403,0.0284836532713022,2.50333773565457,0.606357183166878,6.2658638294414,2.6329898206786,0.704303350789483,0.236450786221015,8.21073982666687,2.01389903688821,96.305432277401,4.58184146699379
63,285,2.93532417736142,0.93226075836694,96.3981069250975,4.32896977292287,64.0838504753259,19.4288015117921,89.8296020412751,9.7119948409795,97.3859235053535,3.37441467096292,3.64210191161498,1.35729017799048,25.6548077470617,6.07726652951911,34.4912723623719,7.91738843965654,91.5771051580012,4.89921087963906,96.2488173416643,5.16289876186521,0.177909532518925,0.039129578290191,0.213509548424763,0.0494890431114094,0.16263368713115,0.0560467812811772,86.1471350299867,11.2966728828271,9.06774136755647,2.26272190800984,77.6434941752417,15.2468855311429,55.1974461747818,25.6603828455776,71.308846767714,10.3411545081984,28.7797196476277,9.21789003314797,99.7582776518468,1.1348749953037,75.875597333503,16.9011642459461,135.453276642936,27.4185306441999,0.00150021019173074,0.00178452907044647,0.249822431081446,0.102760114050265,114.399756732696,39.2724207752741,19.0891467201644,6.56954053416278,96.8780867425174,39.0162328320216,17.48850192456,5.119186444933,97.7071695483793,3.48323338242907,85.9011019294779,8.43118765400478,2.21783083207245,0.601466202231261,0.0622824452219904,0.0252214644492752,2.5048325562592,0.576053896322427,6.2730648214775,2.62428350125354,0.722795183841017,0.257805327559147,8.03226629988301,1.98059530347859,96.3974326757905,3.99491755141542
64,278,2.98414563157084,0.999872257229525,96.1148725238244,4.80624296120952,63.5169564353233,19.5027787531169,89.8494421732872,9.67197825895382,97.2191761246854,3.68313106622688,3.57794537770496,1.31098346085906,25.5761598518743,6.08343997236503,33.8760254694072,7.75370722789621,91.713968023539,4.88536515573045,96.2736443045157,5.17091875572126,0.176945452096407,0.0386200507777455,0.21272073889992,0.0514240762463418,0.161472068160584,0.0561324078704061,86.3487942344714,11.2035123615231,9.04986564884975,2.28853014355108,78.4638934619486,14.8993052824769,55.5140998026388,26.0379758090204,71.6029045173429,10.4193254156056,28.8745816194121,9.12954928650168,99.7794611599612,1.12934662340825,75.6942929141123,16.7182346190389,133.863144794961,27.1614277628931,0.00153358104431289,0.00179456762037518,0.246578719537579,0.102200540950546,112.391380490257,37.8543832092755,18.9370464377675,6.50250261655017,95.1679237066998,36.9400303370416,17.271875325222,4.82893456601697,97.5798860622138,3.52309520368638,86.1476668449034,8.53001945136259,2.22350263642781,0.581202953905128,0.0602155725242759,0.0249050135465063,2.52073382706174,0.565436987099169,6.21215975392031,2.60690404588625,0.718431858129335,0.255379582406557,7.85626488699443,1.94739671887554,96.2525616229043,3.96244685564773
65,254,3.05937743950538,1.11036843716315,96.3124661771063,4.5275055005113,62.5948767704288,19.9086287579629,89.6306849925619,9.85604832230374,97.1274052943294,3.83531781683699,3.51730161910524,1.22339280786713,25.1161808360521,4.94895474455282,33.5124118048846,7.56817714197209,91.6322053746641,5.05848681823837,96.3157004806002,5.17582153723638,0.175053155487632,0.038721144887895,0.211759553703863,0.0533763434561638,0.159298750611344,0.0561963344714843,86.4221876253054,11.1689624109191,9.09387353423978,2.32714112303392,78.7262225383653,14.8257164860249,55.3859520752527,26.2967156572474,71.7929750995144,10.0861219553665,28.9720796683456,8.84050654143599,100,7.12358100433682e-14,75.4018862691042,16.6277803703747,132.256732664203,26.5169304773085,0.00164815695495219,0.00173605598207857,0.240072785143803,0.102684930820574,110.977022768065,36.7393198734427,18.7459795822353,6.39393348480429,94.5068604358918,36.0642304322951,17.4734986421707,5.28418109739937,97.4835369542692,3.55084127775285,86.2788343628144,8.50411167711699,2.23552653367602,0.555667562029046,0.0574198926124562,0.0235334296316441,2.55557423869214,0.574879919916195,6.12279542885396,2.5848717777733,0.748079129211337,0.284356113894104,7.71968483768675,1.85447210482443,95.600324043454,4.61363045483618
66,227,3.10543622281515,1.12909441856645,96.3132419724723,4.56435710512448,61.5662831683026,20.0601116810427,89.8125044146329,9.67381483494792,96.8228605306558,4.19308253533044,3.51588530550609,1.17143289156295,25.2584313053755,5.00339190786311,33.3838155153521,7.29540970441074,91.6443467472945,4.7172157390291,96.3988844795682,5.17043475851536,0.173819633912577,0.0385491052170378,0.212220510179012,0.0507978904176114,0.157485386224179,0.056144970570192,85.9667000682825,11.6899229583126,9.25457585884479,2.33109521494998,79.0053107820327,14.7305028918447,55.2139804161142,26.3149337489274,71.7355547959887,9.71753577019456,29.2577525141905,8.24631408615774,100,1.14017815426065e-13,74.7448828156425,16.5475661266146,131.654727566513,25.8357542473293,0.00178059743115068,0.00170018078036472,0.233154257907245,0.10034185228501,110.010209560663,36.100349234461,18.7031433095029,6.43227602951463,92.9650737212476,33.9643788685593,17.5143814155833,5.31132243859714,98.0170581380897,2.72863913342327,85.7217423345052,8.5671530662102,2.1994819775446,0.503769563024205,0.0558125387449911,0.0226994230775084,2.54871385805097,0.580924158901338,6.08708324863359,2.57881878446145,0.758318863512526,0.295108599744809,7.73804922539141,1.59244366656714,95.0831079595411,5.03392132550301
67,202,3.25967292717856,1.37862504567749,96.3238236334261,4.58551206349999,59.5608040636891,21.2261407351852,89.6511943652084,9.76182484983195,96.7686235322684,4.09465796595811,3.61149618712002,1.17776287754087,25.5299262435562,5.03434238178632,33.7683575502106,7.12417993494245,91.5437433767464,4.38896912609506,96.4694874389848,5.19066288492611,0.173031476864827,0.0384654109471518,0.210473767348356,0.0535085035956561,0.152632843119645,0.0532115064529029,85.8138655509149,11.7675431455407,9.49000892364723,2.48855336069186,78.9168258048719,14.6508785564183,54.2716363447652,26.1297693840257,71.8809541379957,9.27979087667059,29.2484779379571,7.67834948072708,100,5.70321666464663e-14,73.5641738017987,17.2988124628221,132.329215281614,24.5781862580192,0.00192438814787731,0.001615765920079,0.224458455061261,0.0986957125386937,110.470212448848,36.8580801787629,18.7452038695634,6.47299998800235,93.1013380205322,33.7915294311181,17.6305777106346,5.490415572152,97.7644304708156,3.06814634153074,85.4817679384795,8.07957936974118,2.1994475248946,0.501832009293968,0.0557386222742868,0.0230195349911667,2.58375356829104,0.638106189299692,6.04983652812673,2.42089900924174,0.745935254925922,0.288430979402676,7.62538013810947,1.71157287343665,94.8326452866055,5.24028923527699
68,175,3.3348942284866,1.42345057490573,96.9781960294145,3.6666281849584,59.400149761603,21.3450641484662,89.125042987112,10.0244614859436,96.4590120041458,4.20363491494221,3.72546502562047,1.24159216415628,25.8759866290595,5.16422170897319,34.0948673865871,6.85318956217917,90.6693309570178,4.67901107663474,96.5382549936942,5.20469176762013,0.172207935632457,0.0395837551080029,0.210291316616923,0.0555801975202501,0.147272456209829,0.0452510729670424,85.4451094323651,11.6551607431231,8.74682059970732,3.33932525111576,79.2875182702785,14.647555430233,54.4152577952179,25.941105588255,71.6189536865026,8.79285713200662,29.3697373327908,7.0337369261785,100,1.56909714880802e-13,73.0464465803774,17.7401375167671,134.877255603014,21.6694236967735,0.00194663678024942,0.00161026527524597,0.215647720582184,0.0961419870375226,114.49178159788,41.8062275651462,19.2403233484812,7.0257256838889,94.0597122833572,33.6020125316693,17.8393636539408,5.63209511130227,97.9110620792233,2.96959364285091,83.801986317667,8.39838456395586,2.19117535386865,0.556024268400196,0.0556503678390231,0.022216843839351,2.58944693946327,0.687872749253436,6.08974636910509,2.46963842224862,0.726734983926271,0.270563202528759,7.81215046749687,1.50551585363256,94.5525207751239,5.4296641561595
69,159,3.3888396963287,1.41574443719139,96.8456467505861,3.65414838706641,59.8971833662884,20.5347312679601,88.6179090445725,10.3170714816375,96.1575021143701,4.31749732926465,3.7473924694206,1.17777312919821,25.907010420347,5.17937738865619,35.2915188311473,7.39837779340825,90.1530602919091,4.56846822181094,96.3874814777166,5.43100432285881,0.177001682474835,0.0378047046583921,0.208700393249661,0.052543145043636,0.149319769135246,0.0460210516478213,84.5997740444104,12.166787451908,8.68366416193158,3.39209889738311,79.4685212144194,14.8057280582972,54.4713122272359,25.8641162688972,71.2766599498627,7.64254840015489,29.3582278368958,7.05064987337504,100,8.56220710006844e-14,72.4855918719965,18.0295612969906,138.217636470704,20.8580489236954,0.00193231407085729,0.00163349448694382,0.209886752670384,0.0950096230712756,111.208501182441,35.6168897563682,18.6131422921972,5.86950466964448,95.0883943563226,33.5324623109578,18.0188120230322,5.6355877678134,97.8864806741141,3.04072775442548,82.9191457868576,8.11562379333535,2.20375743890873,0.656110341187385,0.0579661480410729,0.0216367284260802,2.5758475701625,0.727708242895171,6.12942296843335,2.29138545845692,0.710375907833846,0.250378881900134,7.7490916339346,1.43034454118974,94.9254506609357,5.34332344875259
70,144,3.42481063196005,1.39783415414717,96.2899209924946,4.23312116915031,60.4103830725099,20.6577006984016,87.3516648311935,11.3315703984326,95.5435854284031,4.79109405996112,3.81540246382436,1.20010616163617,25.9247852041018,5.13089318707071,35.7365321978344,7.54121303133331,89.6000541111524,4.77116441231207,96.3143818877954,5.56555354175311,0.178950697255914,0.038263799257752,0.207528493022756,0.0499533853033107,0.158916638487313,0.0538339858764733,83.9497964525023,12.2752341987207,8.74106509545474,3.45152336775907,80.1965636757742,15.1458269206939,55.2949364335051,26.3837753621323,70.138388669793,8.46162374144895,29.8422734498511,7.37750942811341,100,7.13896353387088e-14,72.5478996602266,18.4158226571381,141.718480229672,21.4677176303681,0.00186647090449546,0.00166768132757256,0.206591123998822,0.0955927299584707,113.504852433205,38.0028129285085,18.7318677342831,5.99148627654438,96.0172691226622,33.2087375034306,18.1141627275862,5.71439007974557,97.8604681265106,3.11036207736674,81.9880327504404,8.03526393342626,2.13226288713179,0.50845418380699,0.0629699655517166,0.0265126238224349,2.55228973773169,0.741759014083464,6.45121942804154,2.50655562197003,0.691172826199573,0.224748267586101,7.67262326969684,1.41912907688906,95.4550871369956,5.04719833120738
71,122,3.47256307407434,1.39267964566939,96.2808931215986,4.12592769362798,60.9110116473337,20.5102051845707,86.5373370245824,11.6680068980479,95.2671945953177,4.94086169129663,3.82990201564192,1.25391539454805,25.6843181768328,5.06669153053583,37.1787501050677,8.97236269756966,89.0178869657512,4.95999270231582,96.0555337319441,5.75010742330174,0.182780621697132,0.0386017362389218,0.208516515109019,0.0486276808769844,0.164384210441575,0.054517973159253,83.1536684132054,12.4413771044454,8.69726590238212,3.40436715833285,80.8882905338429,15.4213324959279,56.2381621732943,26.9719945795743,69.535497295291,8.63962459667495,30.304333654096,7.73951608595729,100,4.28649593234786e-14,72.5073364465064,18.4678170217277,143.39473992265,20.0340955640456,0.00184014854649766,0.00168379084919931,0.202931604169309,0.0960112358016598,111.718168030426,33.7815502590077,18.7214650560683,6.10933663383107,98.4410170663353,35.911846214477,19.0561486087994,7.64616543663725,97.6357180942006,3.28763785247834,81.26745337364,8.10368900153992,2.12726131355677,0.520590827063891,0.065915475681747,0.0278711679732961,2.53812092435926,0.741766155631441,7.03385095760791,3.4568969015592,0.682365643608308,0.199498081429166,7.50183432397124,1.38799436640839,95.7821454991187,4.57825274741678
72,113,3.49266911209274,1.34875549924243,96.1942641105214,4.13516145598622,60.5307067026644,20.8929750274432,85.8853962569246,11.9462582427955,94.9500622936999,5.11227200176766,3.87720664689967,1.30786620576987,25.6224733107905,5.00522849983011,37.5421271532321,9.36523446449026,88.2915939753482,5.26973791680546,95.8217817500049,5.88505257779468,0.18458661200597,0.0379633863610196,0.206811589560426,0.045957466989102,0.16980983741895,0.0553235710708685,82.4710237682877,12.6821457615686,8.69049307878736,3.35613294874572,81.4067005443757,15.6588019276603,57.0822939504269,27.705381050846,68.7460526743751,10.1055145214491,30.8576101027447,8.05223475410807,100,1.42977269763683e-14,72.6193635697482,18.4229677897413,147.848757118004,23.1139454169584,0.00176355863273789,0.00165594395396522,0.201246997592913,0.0956615071851907,117.727954921103,41.3282244554942,18.7637448430451,6.30591047889923,99.3587293862856,35.8161418458649,19.1850625760189,8.0371841113939,97.3260506066649,3.42576929991758,80.2869539035288,8.52365478576929,2.14719486285212,0.533476352732663,0.0679652038926804,0.0292021549954658,2.51848061410591,0.718032437833213,7.10664607625317,3.69023484449183,0.688262923201722,0.197626260337479,7.19049307878736,1.26083393649513,96.5153681881316,3.09382800404909
73,98,3.52234807503774,1.30047867520966,96.1411101371658,4.15734461751707,61.2018075330523,19.8892132665047,85.2966021207562,12.1708979605297,94.7144931004823,5.2311417690467,3.9030905367065,1.3403051421197,25.6848572174115,4.98805921094833,37.87062100713,9.73902504754705,87.5441086091163,5.47142853025006,95.4571012667428,6.39944829414647,0.18857080252144,0.0363364089817248,0.204855372034475,0.0425838275379579,0.174929883515551,0.0562335535245818,81.9187156399446,12.8183485843099,8.55375638975122,3.46696068039505,81.7935829512478,16.0933041846878,57.987449492618,28.4337397999268,67.0985642340246,9.94276986834128,32.5258900326764,8.72260870314711,99.9999999999999,5.72533413580013e-14,72.6565176711466,18.1104869129389,148.731384222374,23.5034763854493,0.00172820128416672,0.00164967783388509,0.200185044495577,0.0959347813820525,118.667584070976,41.3371877513197,18.4534972237237,6.2239290235808,99.8866309333771,36.2288196663624,19.1410346898075,8.36264091100682,96.9852510778106,3.56502062942624,79.2228206058456,8.74527802101844,2.18134632231774,0.533406021146372,0.069337941995181,0.0308822027750329,2.53454559629027,0.697885870553518,7.13917161632036,3.95023655765027,0.696729629058547,0.198128903674057,7.05375638975122,1.22506062975233,96.5865852136712,2.88022868888494
74,83,3.5161793421558,1.16237413756189,95.8603389386749,4.36320597077975,60.8784519211386,19.4322327859152,84.5170152496508,12.3922761590848,94.8111464005433,5.05504887739002,3.88234136365376,1.36220492697448,25.6214080134538,4.96333344958891,38.8475460439714,10.9555882821004,86.7408198096383,5.55796506884815,95.6983558353885,5.90210321781978,0.189570941230078,0.0367968930584717,0.205287231835622,0.0426268894002442,0.176936758073874,0.0579370326099957,81.0427480502563,13.3242803013577,8,4.24264068711928,82.2641687848375,16.4453109917811,58.8303354007849,28.9694364357104,66.2520761015759,10.2541794699567,32.4400059832855,8.17292937414757,99.9999999999999,7.16696569458896e-14,72.5460050329341,17.8780324008665,149.026275232395,24.1315690294296,0.00167090617766843,0.00170043798116783,0.199742121610719,0.0932628385420233,120.900449464176,42.6269631763058,18.1494392604369,6.09291940407003,99.511059216721,35.9915033501078,18.9675559874117,8.4481079079232,95.7669355373447,4.65686444182668,78.0424403428839,8.88010472084497,2.19328118927337,0.524867254448787,0.0690437963107067,0.0326660701392455,2.4974469770695,0.644459852808059,7.11714972040502,4.29950415574191,0.70084066857517,0.194913265881374,6.5,0.707106781186548,96.875,1.47313912747202
75,72,3.55672783184172,1.14272686542296,95.4108842954124,4.6520658909528,59.8474930133208,19.4737565419084,84.0442542890348,12.25730534063,94.8003076707353,4.87241301391522,3.86803577353875,1.35229422770464,25.8453654946921,5.10230987114785,39.0732400447988,11.4870336646122,85.9390212416037,5.73687472987529,96.1153178219409,5.19096705578417,0.186838165061358,0.0395570654119689,0.205994831655228,0.0426906612207701,0.173890466204383,0.0620817399510629,81.1019677305927,12.7060919663011,8,4.24264068711928,82.0616257033468,16.6621307987045,58.7727869236203,29.2215068029333,65.7697682929401,10.5878003024997,32.8769517615231,8.25194319625016,100,2.8716044215854e-14,72.0312508950303,18.026977411925,147.36968335646,24.6845908475229,0.00153304318549889,0.00183594749359583,0.201048638440524,0.0937839784466833,121.985915945278,41.2012059016177,17.8906674826945,6.08089567827123,99.2556846113805,35.2068415482239,18.7426547356796,8.35327724286833,96.1717769598519,3.74628061118982,76.6833178279252,9.17003425010382,2.21768706591579,0.524790717508129,0.0675018946272508,0.0339566953727354,2.66541034797853,0.948561099134336,7.11080948372023,4.67177260435242,0.70698718351212,0.198514125340835,6.5,0.707106781186548,96.875,1.47313912747202
76,54,3.31921900354837,0.778240800463867,94.7994028837218,4.88354128530902,59.3972428383676,17.2096702511,83.8110474351691,12.1564381498059,94.418498822132,5.02421618482477,3.88300191848606,1.39014808824803,26.0893282526223,5.23340235704988,39.8853412040433,12.4286921030229,84.4099711339304,6.06291441176922,96.3779801353857,4.99486777804807,0.183143930527923,0.0396639461701539,0.204246166316517,0.0410355452647013,0.189066912963247,0.0976334037857026,81.1118542879788,12.3693707805024,NaN,NaN,81.5328579487476,16.7959372507478,58.5249129194596,28.6988909951953,64.4013310500986,10.6465599248174,35.0509681384265,8.88864015677193,100,1.87381281541745e-13,72.8934897295206,16.6123020605718,146.124116640961,26.0080949063415,0.00135582494384105,0.00193699115139473,0.204432284470486,0.0927594136466345,122.146564210557,39.2657902070713,17.6706387577454,6.08528505772425,99.7122469960224,37.8354121105788,18.4938449659804,8.14824887758634,94.5296656187969,4.86690599683855,74.373683140468,9.76072592390736,2.19588232340478,0.503186543976015,0.0632628072085724,0.0344410420331811,2.38658588275952,0.537669801921774,6.99121439901533,5.04441210968156,0.748059373628981,0.23544663009638,NaN,NaN,NaN,NaN
77,45,3.50209176680417,0.932424485866513,92.8644825038603,6.39158155015608,57.1771431733009,18.601844915353,83.9780393845324,11.8039605721921,94.7865258800751,4.83680642205565,3.84687729724167,1.26312598195714,26.5933518585229,5.00817231702761,39.5715362089474,12.0239444992271,83.2634918307717,8.48878897883146,96.717561875803,4.59244973896161,0.184895757244124,0.0344833356487641,0.202554525251422,0.0401774021975406,0.177529357310676,0.0975926725241209,81.715708132253,11.9404578798434,NaN,NaN,80.1669949005067,18.0120251546229,57.5316650441665,28.3806641518007,64.8077923743794,12.0981576457159,34.3837168263547,9.46619957632815,100,1.44712830805087e-13,70.8574986685354,17.8347270660941,143.76791440912,26.9052832769205,0.00109514457757691,0.00198367086588391,0.200473985898275,0.0877890479982128,122.945244885685,39.4950536126445,18.1304479824747,7.49554355330811,97.8346499206961,33.8192245958635,18.0401596345436,7.22533839767431,94.3434733612402,5.11943557688101,72.1835103003031,13.9148926383079,2.2843546727411,0.621879441732153,0.0609988735619392,0.0345853864809487,2.38978533960511,0.626522325411851,7.07097393866082,5.26384195106883,0.70768479890621,0.19829769210777,NaN,NaN,NaN,NaN
78,35,3.56803088012213,1.00081996849614,92.1862965360879,6.47931815038169,57.4204436495204,18.8189371287376,84.7500367469581,11.3275114743214,94.9788253226475,4.73099481055366,3.86698069551369,1.16475442904725,28.1484175027232,5.77087536241234,40.2435328053134,12.9855401390593,83.3845224845715,9.09935050216244,97.4447110041364,3.51160788873461,0.171702546330995,0.0364759620258747,0.197173506670684,0.0387071839845868,0.172986486789346,0.0889090158954128,82.8617948847611,11.0753736770982,NaN,NaN,82.4846043512591,16.3074214966811,61.3737915850172,26.0682289461525,63.7039261145265,14.1019231573138,33.796600672286,9.31972575991257,100,0,72.5389204661232,16.3486758964788,142.225302882262,26.1249719408339,0.00102401394107536,0.00202234362732637,0.206868308033728,0.0958083594663059,139.308151428047,78.669272652992,18.7193205990412,8.08582101000469,101.362355789388,33.8644614197624,18.2444541391602,6.99575649405727,93.9224763170783,5.5075434762093,73.8886497102522,14.9139459417823,2.30118174688727,0.583382261959882,0.0591933656206088,0.0330095323423794,2.30647708872631,0.481626690452783,6.82207065166045,4.98047357567815,0.69411626309701,0.194035526129382,NaN,NaN,NaN,NaN
79,27,3.73045425143295,1.11076370415479,91.7164499515439,6.64163417611741,58.2968963869499,18.1853696984975,87.186536887633,9.57986903053322,95.1141792781983,4.60114382148955,3.85642634467151,1.10136255008409,28.6069596524827,5.87416486165395,43.6744510727038,17.0164070598578,84.2400609109328,9.71668602384804,97.4865070413707,3.39652211846495,0.169464104568232,0.029735042120874,0.190688221719841,0.0387339293622238,0.170243259343885,0.0753437095172965,84.5560343385657,10.12683313701,NaN,NaN,83.2438548639698,15.262138683061,62.3818351820076,26.1308522083483,65.2072894226338,13.5322358730622,32.5606698055913,9.2708906432948,100,4.37875582606778e-14,73.5098921608302,15.0728090205435,142.829245795863,25.8414743878496,0.00101836374931109,0.0019877440839978,0.202261122272534,0.097705900427791,138.327619905535,75.6348022433986,19.622714248428,10.0340081488923,104.201065277365,34.5860395261603,18.4225497694659,6.66780662040978,93.827735333768,5.71869551769919,76.4780175708246,15.574131432101,2.50260890537416,0.812630788455126,0.0630842417984843,0.0362728276722189,2.30222466456532,0.472125432856946,5.77823790745111,3.37645662241568,0.662189667204605,0.18031724138261,NaN,NaN,NaN,NaN
80,24,3.7963753370784,1.08143492115636,91.3679147436738,6.94119950240298,58.5562481524472,17.8655421177549,88.5521123626331,8.42655842262416,95.2654057367942,4.50264293611294,3.98337818312575,1.0576975255882,29.6404486217678,5.64322930738865,46.8135929394578,18.2036618364287,84.1912444490908,9.9342431029444,97.3818458097011,3.50697231279169,0.162215543597985,0.0223663660444982,0.183832298467472,0.0382407110924767,0.179405418912462,0.0765144238767377,87.7781387092642,7.33473962046861,NaN,NaN,86.3658072442144,12.1065397201722,63.9675626271525,26.1303503960469,64.862327417507,14.1663709558608,32.4569286725733,9.70410695226625,99.9999999999999,5.87219480818247e-14,73.3373032234986,14.9386189319769,144.57929973352,25.7611929455899,0.00110903062565161,0.00192649959515712,0.191769352757081,0.0951341705376951,138.353042669113,67.3298273212878,19.1491367959677,8.40550392632797,109.157682142934,36.3045735808848,17.7542294098883,5.60622109938436,93.229966001349,5.75638921414141,77.585084189606,15.8085545157704,2.60146424034806,0.831389656599096,0.0686136212967028,0.0380135062836656,2.35203128422757,0.457872405340694,5.7784125137515,2.5580595292259,0.631425236060915,0.161645510206633,NaN,NaN,NaN,NaN
